fight_id_manual,event_name,fight_date,fighter_a,fighter_b,division_norm,scheduled_rounds,title_fight,a_fighter_id,b_fighter_id,a_last_fight_date,b_last_fight_date,fight_year,division_norm_code,division_group_code,a_height,a_reach,a_stance_code,a_age_years,a_prior_fights,a_prior_losses,a_prior_draws,a_prior_no_contests,a_prior_finish_losses,a_prior_decision_wins,a_prior_title_fights,a_days_since_last_fight,a_prior_win_rate,a_avg_kd_for,a_avg_sig_landed_against,a_avg_sig_attempted_for,a_avg_sig_attempted_against,a_avg_td_landed_for,a_avg_td_landed_against,a_avg_sub_att_for,a_avg_ctrl_seconds_against,a_avg_fight_seconds,a_rw_avg_draw_flag,a_rw_avg_finish_win_flag,a_rw_avg_decision_win_flag,a_rw_avg_finish_loss_flag,a_rw_avg_decision_loss_flag,a_rw_avg_scheduled_rounds,a_rw_avg_sig_landed_for,a_rw_avg_sig_landed_against,a_rw_avg_td_landed_for,a_rw_avg_sub_att_against,a_last_fight_win_flag,a_last_fight_draw_flag,a_last_fight_no_contest_flag,a_last_fight_finish_win_flag,a_last_fight_decision_win_flag,a_last_fight_finish_loss_flag,a_last_fight_decision_loss_flag,a_last_fight_title_fight_flag,a_last_fight_scheduled_rounds,a_last_fight_kd_for,a_last_fight_kd_against,a_last_fight_sig_landed_for,a_last_fight_sig_landed_against,a_last_fight_sig_attempted_for,a_last_fight_sig_attempted_against,a_last_fight_td_landed_for,a_last_fight_td_landed_against,a_last_fight_sub_att_against,a_last_fight_ctrl_seconds_for,a_last_fight_ctrl_seconds_against,a_last3_avg_loss_flag,a_last3_avg_draw_flag,a_last3_avg_no_contest_flag,a_last3_avg_decision_win_flag,a_last3_avg_title_fight_flag,a_last3_avg_kd_for,a_last3_avg_kd_against,a_last3_avg_sig_landed_for,a_last3_avg_sig_attempted_for,a_last3_avg_sig_attempted_against,a_last3_avg_td_landed_for,a_last3_avg_ctrl_seconds_for,a_last3_avg_ctrl_seconds_against,a_last3_avg_fight_seconds,a_last5_avg_loss_flag,a_last5_avg_draw_flag,a_last5_avg_no_contest_flag,a_last5_avg_title_fight_flag,a_last5_avg_kd_for,a_last5_avg_kd_against,a_last5_avg_sig_attempted_for,a_last5_avg_fight_seconds,b_height,b_reach,b_age_years,b_prior_fights,b_prior_losses,b_prior_draws,b_prior_no_contests,b_prior_finish_losses,b_prior_decision_wins,b_prior_title_fights,b_days_since_last_fight,b_prior_win_rate,b_avg_kd_against,b_avg_sig_landed_for,b_avg_sig_landed_against,b_avg_sig_attempted_for,b_avg_sig_attempted_against,b_avg_td_landed_for,b_avg_td_landed_against,b_avg_sub_att_against,b_avg_ctrl_seconds_against,b_avg_fight_seconds,b_rw_avg_draw_flag,b_rw_avg_finish_win_flag,b_rw_avg_sig_landed_for,b_rw_avg_sig_landed_against,b_rw_avg_td_landed_for,b_rw_avg_sub_att_for,b_rw_avg_ctrl_seconds_for,b_last_fight_win_flag,b_last_fight_draw_flag,b_last_fight_no_contest_flag,b_last_fight_finish_win_flag,b_last_fight_decision_win_flag,b_last_fight_finish_loss_flag,b_last_fight_decision_loss_flag,b_last_fight_title_fight_flag,b_last_fight_scheduled_rounds,b_last_fight_kd_for,b_last_fight_kd_against,b_last_fight_sig_landed_for,b_last_fight_sig_landed_against,b_last_fight_sig_attempted_for,b_last_fight_td_landed_for,b_last_fight_td_landed_against,b_last_fight_sub_att_for,b_last_fight_sub_att_against,b_last_fight_ctrl_seconds_for,b_last_fight_ctrl_seconds_against,b_last_fight_fight_seconds,b_last3_avg_loss_flag,b_last3_avg_draw_flag,b_last3_avg_no_contest_flag,b_last3_avg_finish_win_flag,b_last3_avg_decision_win_flag,b_last3_avg_finish_loss_flag,b_last3_avg_title_fight_flag,b_last3_avg_scheduled_rounds,b_last3_avg_kd_for,b_last3_avg_sig_landed_for,b_last3_avg_sig_attempted_for,b_last3_avg_td_landed_for,b_last3_avg_td_landed_against,b_last3_avg_ctrl_seconds_against,b_last3_avg_fight_seconds,b_last5_avg_draw_flag,b_last5_avg_no_contest_flag,b_last5_avg_decision_win_flag,b_last5_avg_finish_loss_flag,b_last5_avg_decision_loss_flag,b_last5_avg_title_fight_flag,b_last5_avg_scheduled_rounds,b_last5_avg_kd_for,b_last5_avg_sig_attempted_for,b_last5_avg_sig_attempted_against,b_last5_avg_fight_seconds,a_reach_height_gap,b_reach_height_gap,reach_height_gap_diff,stance_same,age_years_diff,avg_ctrl_seconds_against_diff,avg_fight_seconds_diff,avg_kd_against_diff,avg_kd_for_diff,avg_sig_attempted_against_diff,avg_sig_landed_against_diff,avg_sig_landed_for_diff,avg_sub_att_against_diff,avg_td_landed_against_diff,days_since_last_fight_diff,height_diff,last3_avg_ctrl_seconds_against_diff,last3_avg_decision_loss_flag_diff,last3_avg_decision_win_flag_diff,last3_avg_draw_flag_diff,last3_avg_fight_seconds_diff,last3_avg_finish_loss_flag_diff,last3_avg_finish_win_flag_diff,last3_avg_kd_against_diff,last3_avg_kd_for_diff,last3_avg_no_contest_flag_diff,last3_avg_scheduled_rounds_diff,last3_avg_sig_landed_for_diff,last3_avg_sub_att_against_diff,last3_avg_td_landed_against_diff,last3_avg_td_landed_for_diff,last3_avg_win_flag_diff,last5_avg_ctrl_seconds_against_diff,last5_avg_draw_flag_diff,last5_avg_kd_against_diff,last5_avg_loss_flag_diff,last5_avg_scheduled_rounds_diff,last5_avg_sig_landed_against_diff,last5_avg_td_landed_against_diff,last5_avg_td_landed_for_diff,last5_avg_win_flag_diff,last_fight_ctrl_seconds_against_diff,last_fight_ctrl_seconds_for_diff,last_fight_decision_loss_flag_diff,last_fight_decision_win_flag_diff,last_fight_draw_flag_diff,last_fight_fight_seconds_diff,last_fight_finish_loss_flag_diff,last_fight_kd_against_diff,last_fight_kd_for_diff,last_fight_loss_flag_diff,last_fight_no_contest_flag_diff,last_fight_scheduled_rounds_diff,last_fight_sig_attempted_for_diff,last_fight_sig_landed_against_diff,last_fight_sig_landed_for_diff,last_fight_td_landed_against_diff,last_fight_td_landed_for_diff,last_fight_title_fight_flag_diff,last_fight_win_flag_diff,prior_decision_losses_diff,prior_decision_wins_diff,prior_draws_diff,prior_fights_diff,prior_finish_losses_diff,prior_finish_wins_diff,prior_losses_diff,prior_no_contests_diff,prior_scheduled_rounds_total_diff,prior_title_fights_diff,prior_win_rate_diff,reach_diff,rw_avg_ctrl_seconds_for_diff,rw_avg_decision_loss_flag_diff,rw_avg_decision_win_flag_diff,rw_avg_draw_flag_diff,rw_avg_fight_seconds_diff,rw_avg_finish_loss_flag_diff,rw_avg_finish_win_flag_diff,rw_avg_kd_for_diff,rw_avg_no_contest_flag_diff,rw_avg_sig_attempted_against_diff,rw_avg_sig_attempted_for_diff,rw_avg_sig_landed_against_diff,rw_avg_sig_landed_for_diff,rw_avg_sub_att_for_diff,rw_avg_td_landed_for_diff,rw_avg_title_fight_flag_diff,a_pre_fight_elo,b_pre_fight_elo,elo_diff,a_striking_defense,a_grappling_offense,a_grappling_defense,a_experience_big_fight,a_physical,b_striking_offense,b_striking_defense,b_grappling_offense,b_grappling_defense,b_momentum,b_experience_big_fight,b_physical,striking_offense_diff,striking_defense_diff,grappling_offense_diff,grappling_defense_diff,finishing_durability_diff,experience_big_fight_diff,physical_diff,overall_diff,td_control_interaction_diff,elo_momentum_interaction_diff
manual_000001,UFC 330,2026-08-15,Islam Makhachev,Ian Machado Garry,welterweight,5,1,275aca31f61ba28c,442c9011034ae1fd,2025-11-15,2025-11-22,2026,0,0,177.8,177.8,0,34.800433,17,1,0,0,1,5,5,273,0.9412,0.2353,15.8235,45.4706,40.8235,2.1765,0.1176,0.7647,54.0,611.5294,0.0,0.8468,0.1498,0.0034,0.0,4.7237,34.8567,27.7088,2.1849,0.0486,1.0,0.0,0.0,1.0,0.0,0.0,0.0,1.0,5.0,0.0,0.0,6.0,9.0,19.0,27.0,1.0,0.0,0.0,87.0,0.0,0.0,0.0,0.0,0.0,1.0,0.3333,0.0,39.3333,68.0,72.0,2.0,243.0,26.3333,597.6667,0.0,0.0,0.0,1.0,0.4,0.2,68.0,757.8,190.5,187.96,28.742268,10,1,0,0,0,6,0,266,0.9,0.1,70.3,40.8,129.2,84.6,1.0,0.6,0.0,161.4,883.8,0.0,0.1299,73.5285,42.2894,1.7594,0.6954,165.5223,1.0,0.0,0.0,0.0,1.0,0.0,0.0,0.0,5.0,0.0,0.0,126.0,63.0,242.0,4.0,0.0,0.0,0.0,189.0,106.0,1500.0,0.3333,0.0,0.0,0.0,0.6667,0.0,0.0,4.3333,0.0,62.3333,121.6667,2.3333,0.6667,306.3333,1300.0,0.0,0.0,0.8,0.0,0.2,0.0,3.8,0.0,130.0,77.8,1140.0,0.0,-2.54,2.54,0,6.058165,-107.4,-272.2706,0.0176,-0.1647,-43.7765,-24.9765,-43.5353,0.2353,-0.4824,7.0,-12.7,-280.0,-0.3333,-0.6667,0.0,-702.3333,0.0,1.0,0.0,0.3333,0.0,0.6667,-23.0,0.0,-0.6667,-0.3333,0.3333,-183.6,0.0,0.2,-0.2,1.2,-3.6,-0.4,0.6,0.2,-106.0,-102.0,0.0,-1.0,0.0,-1255.0,0.0,0.0,0.0,0.0,0.0,0.0,-223.0,-54.0,-120.0,0.0,-3.0,1.0,0.0,-1.0,-1.0,0.0,7.0,1.0,8.0,0.0,0.0,31.0,5.0,0.0412,-10.16,110.8289,-0.1987,-0.5216,0.0,-458.6771,0.0034,0.7169,0.083,0.0,-19.1548,-78.8278,-14.5806,-38.6718,0.2099,0.4255,0.7685,1674.0729,1591.3933,82.6796,76.9375,94.1177,94.0508,96.9776,32.4611,55.4019,73.7029,42.9783,74.8439,75.3271,77.9865,64.552,-12.1386,3.2346,51.1394,19.2069,30.863,18.9911,-32.0909,13.8572,1.96529,17.764952
manual_000002,UFC 330,2026-08-15,Mackenzie Dern,Gillian Robertson,strawweight,5,1,7447e9f28508106a,38c7f72747f4f712,2025-10-25,2026-03-14,2026,0,0,162.56,160.02,0,33.393928,15,5,0,0,1,5,0,294,0.6667,0.1333,52.4,110.5333,109.3333,0.8,0.6,1.0667,133.5333,807.0667,0.0,0.3097,0.3389,0.1069,0.2445,3.855,49.0505,51.2161,1.2005,0.2239,1.0,0.0,0.0,1.0,0.0,0.0,0.0,0.0,5.0,0.0,0.0,27.0,17.0,46.0,56.0,1.0,2.0,0.0,274.0,347.0,0.3333,0.0,0.0,0.3333,0.0,0.0,0.3333,40.0,101.0,94.0,1.3333,266.3333,230.0,898.6667,0.4,0.0,0.0,0.0,0.2,1.0,125.4,938.2,165.1,160.02,31.246629,19,6,0,0,2,3,0,154,0.6842,0.0,28.8421,28.8421,59.4211,66.7895,1.8421,0.5263,0.2105,88.4737,604.7368,0.0,0.5055,39.1188,28.572,2.4459,0.5654,381.8676,1.0,0.0,0.0,1.0,0.0,0.0,0.0,0.0,3.0,0.0,0.0,16.0,4.0,41.0,2.0,0.0,0.0,1.0,321.0,0.0,427.0,0.0,0.0,0.0,0.3333,0.6667,0.0,0.0,3.0,0.0,48.3333,84.6667,3.0,0.3333,12.0,742.3333,0.0,0.0,0.4,0.0,0.2,0.0,3.0,0.0,102.4,106.0,723.8,-2.54,-5.08,2.54,1,2.147299,45.0596,202.3299,0.4,0.1333,42.5438,23.5579,15.6912,-0.0772,0.0737,140.0,-2.54,218.0,0.3333,-0.3334,0.0,156.3334,0.0,0.0,0.3333,0.0,0.0,0.6667,-8.3333,0.0,1.6667,-1.6667,-0.3333,206.6,0.0,1.0,0.2,0.8,13.0,0.4,-1.0,-0.2,347.0,-47.0,0.0,0.0,0.0,469.0,0.0,0.0,0.0,0.0,0.0,2.0,5.0,13.0,11.0,2.0,-1.0,0.0,0.0,0.0,2.0,0.0,-4.0,-1.0,-5.0,-1.0,0.0,-4.0,0.0,-0.0175,0.0,-99.0819,0.0986,-0.0012,0.0,251.2089,0.0984,-0.1958,0.0862,0.0,30.5041,36.1138,22.6441,9.9317,0.0953,-1.2454,0.0,1552.4932,1569.0201,-16.5269,37.7986,48.5467,48.4328,81.8781,52.0518,33.6677,90.4522,89.9228,81.2643,95.7028,61.8601,58.7349,-16.0507,-52.6536,-41.3761,-32.8315,-17.3018,20.018,-6.6831,-23.4625,-2.290096,2.267276
manual_000003,UFC 330,2026-08-15,Neil Magny,Ramiz Brahimaj,welterweight,3,0,84b3e7d38f2d2ec5,3d074044a33825e7,2025-12-13,2026-02-21,2026,0,0,190.5,203.2,0,39.033773,36,12,0,0,9,14,0,245,0.6667,0.0556,29.75,88.9167,61.6944,1.7778,1.3611,0.2222,233.2222,732.6389,0.0,0.5443,0.0858,0.3026,0.0673,3.3028,29.4966,28.4176,1.4235,0.8035,1.0,0.0,0.0,1.0,0.0,0.0,0.0,0.0,3.0,0.0,0.0,31.0,18.0,57.0,44.0,3.0,0.0,3.0,166.0,283.0,0.3333,0.0,0.0,0.0,0.0,0.0,0.6667,27.6667,48.0,35.6667,1.6667,112.0,210.6667,552.3333,0.4,0.0,0.0,0.0,0.0,0.6,51.4,564.2,177.8,182.88,33.741124,8,3,0,0,1,0,0,175,0.625,0.125,16.75,25.75,35.75,46.625,0.875,1.625,0.125,195.5,451.625,0.0,0.7798,15.0662,17.3663,0.7866,1.1431,75.4153,1.0,0.0,0.0,1.0,0.0,0.0,0.0,0.0,3.0,0.0,0.0,21.0,5.0,35.0,0.0,3.0,2.0,0.0,37.0,203.0,444.0,0.0,0.0,0.0,1.0,0.0,0.0,0.0,3.0,0.3333,17.6667,30.6667,0.6667,1.0,87.3333,271.6667,0.0,0.0,0.0,0.0,0.2,0.0,3.0,0.2,19.8,22.8,367.4,12.7,5.08,7.62,1,5.292649,37.7222,281.0139,0.1806,-0.0694,15.0694,4.0,24.9444,0.1806,-0.2639,70.0,12.7,123.3334,0.0,0.0,0.0,280.6666,0.3333,-0.3333,0.6667,-0.3333,0.0,0.6667,10.0,1.0,-0.3333,1.0,-0.3333,39.0,0.0,0.6,0.2,0.4,10.4,-0.4,0.4,-0.2,80.0,129.0,0.0,0.0,0.0,344.0,0.0,0.0,0.0,0.0,0.0,0.0,22.0,13.0,10.0,-3.0,3.0,0.0,0.0,1.0,14.0,0.0,28.0,8.0,5.0,9.0,0.0,92.0,0.0,0.0417,20.32,49.4694,-0.1158,0.0858,0.0,231.2478,0.2655,-0.2355,-0.1544,0.0,21.2678,27.8443,11.0513,14.4304,-0.8576,0.6369,0.0,1603.4099,1523.9558,79.4541,36.4664,39.464,24.4009,77.1168,73.4737,38.0868,62.7094,60.4333,32.4134,93.8395,48.9018,46.585,-8.3684,-26.243,-20.9693,-8.0125,-39.5294,28.215,26.8887,-11.8349,0.216792,-10.661072
manual_000004,UFC 330,2026-08-15,Jalin Turner,Kaue Fernandes,lightweight,3,0,4d8fa64202cee4c1,ec13c393d029297d,2025-12-06,2025-09-06,2026,0,0,190.5,195.58,0,31.243938,13,6,0,0,3,0,0,252,0.5385,0.5385,30.8462,76.2308,51.8462,0.3077,0.9231,0.5385,106.9231,425.1538,0.0,0.3403,0.0,0.4563,0.2035,3.0,30.6738,31.8904,0.2134,0.393,0.0,0.0,0.0,0.0,0.0,1.0,0.0,0.0,3.0,0.0,0.0,7.0,10.0,20.0,16.0,0.0,0.0,1.0,103.0,0.0,0.6667,0.0,0.0,0.0,0.0,0.6667,0.0,18.6667,40.0,36.3333,0.0,39.0,117.3333,289.6667,0.8,0.0,0.0,0.0,0.6,0.2,78.8,533.8,175.26,185.42,31.414083,3,1,0,0,0,1,0,343,0.6667,0.0,46.3333,15.3333,84.6667,40.3333,1.0,1.0,0.0,174.3333,695.0,0.0,0.3243,51.7568,17.0,1.1081,0.0,68.6216,1.0,0.0,0.0,0.0,1.0,0.0,0.0,0.0,3.0,2.0,0.0,79.0,29.0,149.0,2.0,0.0,0.0,0.0,103.0,5.0,900.0,0.3333,0.0,0.0,0.3333,0.3333,0.0,0.0,3.0,1.0,46.3333,84.6667,1.0,1.0,174.3333,695.0,0.0,0.0,0.3333,0.0,0.3333,0.0,3.0,1.0,84.6667,40.3333,695.0,5.08,10.16,-5.08,0,-0.170145,-67.4102,-269.8462,0.1538,-0.4615,11.5129,15.5129,-10.0256,0.3077,-0.0769,-91.0,15.24,-57.0,-0.3333,-0.3333,0.0,-405.3333,0.6667,0.0,0.0,-0.3333,0.0,0.0,-27.6666,0.3333,-0.3333,-1.0,-0.3334,16.2667,0.0,0.2,0.4667,0.0,27.6667,0.2,-0.8,-0.4667,-5.0,0.0,0.0,-1.0,0.0,-751.0,1.0,0.0,-2.0,1.0,0.0,0.0,-129.0,-19.0,-72.0,0.0,-2.0,0.0,-1.0,2.0,-1.0,0.0,10.0,3.0,6.0,5.0,0.0,30.0,0.0,-0.1282,10.16,-20.9264,-0.0397,-0.4324,0.0,-296.2755,0.4563,0.016,-0.6644,0.0,8.5822,-31.7089,14.8904,-21.083,0.1927,-0.8947,0.0,1514.6943,1511.9116,2.7827,36.3398,9.0978,19.3908,51.7096,88.0072,74.5017,76.3313,30.506,60.2248,72.592,40.374,78.2579,-1.2863,-39.9915,-21.4082,-40.834,-23.9693,11.3356,9.7493,-19.9886,-0.369472,-1.104662
manual_000005,UFC 330,2026-08-15,Geoff Neal,Chidi Njokuani,welterweight,3,0,b997be68943010fc,c68c68efaa5ca6ef,2026-02-21,2026-02-21,2026,0,0,180.34,190.5,0,35.964124,13,5,0,0,2,2,0,175,0.6154,0.6154,58.0,103.3846,135.0769,0.3846,0.2308,0.0769,34.4615,628.2308,0.0,0.3369,0.0752,0.3641,0.2238,3.0684,46.3588,54.3891,0.3571,0.108,0.0,0.0,0.0,0.0,0.0,1.0,0.0,0.0,3.0,0.0,1.0,25.0,32.0,49.0,60.0,0.0,0.0,0.0,15.0,0.0,0.6667,0.0,0.0,0.0,0.0,0.3333,0.3333,29.6667,56.0,69.3333,0.3333,89.0,4.0,429.6667,0.6,0.0,0.0,0.0,0.6,0.2,104.8,573.4,190.5,203.2,37.621124,9,4,0,0,3,2,0,175,0.5556,0.1111,39.7778,23.7778,65.7778,54.7778,0.0,1.1111,0.2222,139.7778,461.6667,0.0,0.2659,41.9043,19.9119,0.0,0.0361,100.0982,0.0,0.0,0.0,0.0,0.0,1.0,0.0,0.0,3.0,0.0,0.0,5.0,3.0,10.0,0.0,1.0,0.0,1.0,0.0,29.0,69.0,0.3333,0.0,0.0,0.3333,0.3333,0.3333,0.0,3.0,0.3333,52.0,81.6667,0.0,1.3333,84.0,469.3333,0.0,0.0,0.4,0.4,0.0,0.0,3.0,0.2,80.0,54.2,512.8,10.16,12.7,-2.54,0,-1.657,-105.3163,166.5641,0.0427,0.2821,80.2991,34.2222,12.8376,-0.1453,-0.8803,0.0,-10.16,-80.0,0.3333,-0.3333,0.0,-39.6666,0.0,0.0,0.3333,0.0,0.0,0.0,-22.3333,-0.6667,-1.3333,0.3333,-0.3334,-102.8,0.0,0.2,0.2,0.0,39.8,-1.0,0.4,-0.2,-29.0,15.0,0.0,0.0,0.0,230.0,0.0,1.0,0.0,0.0,0.0,0.0,39.0,29.0,20.0,-1.0,0.0,0.0,0.0,2.0,0.0,0.0,4.0,-1.0,3.0,1.0,0.0,14.0,0.0,0.0598,-12.7,-23.022,0.1597,-0.1909,0.0,94.9352,-0.0398,0.071,0.1643,0.0,65.2502,19.6994,34.4772,4.4545,-0.028,0.3571,0.0,1540.9135,1513.9957,26.9178,14.0975,36.4902,92.665,58.6482,62.9286,84.0504,80.94,24.0134,25.8476,53.7369,47.3887,77.0871,0.0575,-66.8425,12.4768,66.8174,-2.9333,11.2595,-14.1585,-1.0181,0.40694,-4.268329
manual_000006,UFC 330,2026-08-15,Mansur Abdul-Malik,Dustin Stoltzfus,middleweight,3,0,841695e02c99a521,71505842fb6455c3,2026-03-28,2025-09-13,2026,0,0,187.96,203.2,0,28.854299,4,0,0,1,0,0,0,140,0.75,0.25,16.0,45.5,31.0,0.5,0.25,0.25,46.25,343.25,0.0,0.7257,0.0,0.0,0.0,3.0,18.0286,15.5486,0.5714,0.0,1.0,0.0,0.0,1.0,0.0,0.0,0.0,0.0,3.0,0.0,0.0,2.0,3.0,4.0,6.0,1.0,0.0,0.0,42.0,0.0,0.0,0.0,0.3333,0.0,0.0,0.0,0.0,18.6667,43.6667,39.6667,0.6667,28.0,60.6667,403.0,0.0,0.0,0.25,0.0,0.25,0.0,45.5,343.25,182.88,190.5,34.748918,9,6,0,0,4,1,0,336,0.3333,0.2222,30.6667,31.1111,69.0,58.5556,1.4444,0.7778,0.5556,117.5556,591.1111,0.0,0.3168,25.3498,26.0263,1.4695,1.2095,201.9736,0.0,0.0,0.0,0.0,0.0,0.0,1.0,0.0,3.0,0.0,0.0,21.0,35.0,37.0,2.0,1.0,2.0,0.0,311.0,201.0,900.0,0.6667,0.0,0.0,0.3333,0.0,0.3333,0.0,3.0,0.3333,17.3333,32.3333,1.0,0.3333,70.6667,486.3333,0.0,0.0,0.0,0.4,0.2,0.0,3.0,0.4,44.4,39.0,405.6,15.24,7.62,7.62,1,-5.894619,-71.3056,-247.8611,-0.2222,0.0278,-27.5556,-15.1111,-9.4167,-0.5556,-0.5278,-196.0,5.08,-10.0,-0.3333,0.0,0.0,-83.3333,-0.3333,0.3334,-0.3333,-0.3333,0.3333,0.0,1.3334,0.0,0.0,-0.3333,0.3334,3.45,0.0,-0.4,-0.6,0.0,-4.8,0.05,-0.9,0.35,-201.0,-269.0,-1.0,0.0,0.0,-831.0,0.0,0.0,0.0,-1.0,0.0,0.0,-33.0,-32.0,-19.0,-1.0,-1.0,0.0,1.0,-2.0,-1.0,0.0,-5.0,-4.0,1.0,-6.0,1.0,-15.0,0.0,0.4167,12.7,-164.0707,-0.2974,-0.0641,0.0,-222.7879,-0.3218,0.4089,-0.1625,0.2743,-18.1496,-11.2264,-10.4777,-7.3212,-0.8438,-0.8981,0.0,1533.5372,1471.8063,61.7309,58.2158,47.9231,72.9803,46.4998,90.0725,31.5331,42.5094,85.1455,77.1019,37.6849,42.041,56.8567,8.0035,15.7064,-37.2224,-4.1216,39.7706,4.4588,33.2158,10.5424,-0.910321,27.409631
manual_000007,UFC 330,2026-08-15,Jeremiah Wells,Myktybek Orolbai,welterweight,3,0,d66a46de8d705353,bf2c8e01b07d3eb1,2025-11-01,2026-03-14,2026,0,0,175.26,187.96,0,39.791763,6,2,0,0,1,1,0,287,0.6667,0.3333,11.6667,49.5,22.8333,1.8333,0.1667,0.5,37.8333,535.3333,0.0,0.2967,0.1711,0.2281,0.3041,3.0,23.8536,14.033,2.1111,0.3003,0.0,0.0,0.0,0.0,0.0,0.0,1.0,0.0,3.0,0.0,0.0,32.0,26.0,86.0,53.0,1.0,1.0,0.0,100.0,100.0,0.6667,0.0,0.0,0.3333,0.0,0.0,0.6667,28.6667,70.0,36.3333,3.3333,446.0,67.3333,836.6667,0.4,0.0,0.0,0.0,0.2,0.4,49.0,576.4,177.8,187.96,28.509629,5,1,0,0,0,1,0,154,0.8,0.2,30.2,30.8,62.8,61.6,3.4,1.2,0.0,66.6,558.6,0.0,0.6773,26.4738,27.9001,2.5237,0.3496,184.1101,1.0,0.0,0.0,1.0,0.0,0.0,0.0,0.0,3.0,1.0,0.0,15.0,19.0,33.0,0.0,0.0,0.0,0.0,3.0,0.0,166.0,0.3333,0.0,0.0,0.6667,0.0,0.0,0.0,3.0,0.3333,26.0,58.3333,1.6667,1.0,52.0,447.0,0.0,0.0,0.2,0.0,0.2,0.0,3.0,0.4,62.8,61.6,558.6,12.7,10.16,2.54,0,11.282134,-28.7667,-23.2667,0.1333,-0.0667,-38.7667,-19.1333,-8.7,0.3333,-1.0333,133.0,-2.54,15.3333,0.0,0.3333,0.0,389.6667,0.3333,-0.6667,0.3334,-0.3333,0.0,0.0,2.6667,0.3333,-0.6667,1.6666,-0.3334,-25.6,0.0,0.2,0.2,0.0,-19.8,-1.0,-1.2,-0.2,100.0,97.0,1.0,0.0,0.0,734.0,0.0,0.0,-1.0,1.0,0.0,0.0,53.0,7.0,17.0,1.0,1.0,0.0,-1.0,0.0,0.0,0.0,1.0,1.0,0.0,1.0,0.0,3.0,0.0,-0.1333,0.0,131.423,0.1197,0.0328,0.0,182.5927,0.2281,-0.3806,-0.2656,0.0,-26.91,1.7802,-13.8671,-2.6202,0.2028,-0.4126,0.0,1522.5025,1537.8631,-15.3606,51.964,79.0622,77.5392,46.3496,44.3109,59.4181,29.1636,74.8946,63.6075,86.056,48.3274,65.9359,-40.6871,22.8004,4.1676,13.9317,-50.7866,-1.9778,-21.625,-16.5198,-1.229569,8.949301
manual_000008,UFC 330,2026-08-15,Vicente Luque,Tresean Gore,middleweight,3,0,6d4b63c767106d3a,147e70aa6cc48cfc,2026-04-11,2026-04-04,2026,0,0,180.34,190.5,0,34.715969,24,8,0,0,3,2,0,126,0.6667,0.4167,51.3333,91.75,106.0,0.5833,1.0,0.4167,111.6667,581.375,0.0,0.2531,0.0871,0.3526,0.3071,3.2474,36.2904,58.1486,0.6387,0.5839,0.0,0.0,0.0,0.0,0.0,0.0,1.0,0.0,3.0,0.0,0.0,30.0,89.0,99.0,148.0,0.0,1.0,1.0,0.0,390.0,0.6667,0.0,0.0,0.0,0.0,0.0,0.0,18.6667,50.3333,77.0,0.0,4.6667,134.3333,438.3333,0.6,0.0,0.0,0.0,0.0,0.0,71.0,662.4,182.88,190.5,32.150134,6,4,0,0,2,0,0,133,0.3333,0.5,22.6667,61.5,52.8333,104.1667,1.0,0.5,0.0,94.5,493.0,0.0,0.2994,23.0267,68.9837,0.7003,0.3715,36.4586,0.0,0.0,0.0,0.0,0.0,0.0,1.0,0.0,3.0,0.0,0.0,41.0,89.0,114.0,0.0,1.0,0.0,0.0,2.0,194.0,900.0,0.6667,0.0,0.0,0.3333,0.0,0.3333,0.0,3.0,0.0,20.3333,59.0,0.3333,0.3333,83.3333,493.0,0.0,0.0,0.0,0.4,0.2,0.0,3.0,0.0,44.4,86.4,411.6,10.16,7.62,2.54,0,2.565835,17.1667,88.375,-0.3333,0.4167,1.8333,-10.1667,24.125,0.2083,0.5,-7.0,-2.54,51.0,0.0,0.0,0.0,-54.6667,0.0,0.0,-0.6667,0.0,0.0,0.0,-1.6666,0.6667,0.3334,-0.3333,0.0,63.8,0.0,-0.6,0.0,0.4,-0.4,0.4,0.8,0.0,196.0,-2.0,0.0,0.0,0.0,0.0,0.0,0.0,0.0,0.0,0.0,0.0,-15.0,0.0,-11.0,0.0,0.0,0.0,0.0,3.0,2.0,0.0,18.0,1.0,12.0,4.0,0.0,58.0,0.0,0.3334,0.0,31.2135,-0.0692,0.0871,0.0,110.6426,0.0283,-0.0463,0.0717,0.0,-3.2111,23.6524,-10.8351,13.2637,-0.1522,-0.0616,0.0,1572.8388,1478.6503,94.1885,36.9241,15.1598,32.5666,71.3607,54.9012,18.0372,2.3591,28.0499,73.208,38.7953,38.9573,62.9027,-1.5952,34.565,-12.8901,-40.6414,6.1829,32.4034,-8.0015,-0.6352,-0.049037,-7.422807
manual_000009,UFC 330,2026-08-15,Edson Barboza,Esteban Ribovics,lightweight,3,0,64a50dad704d1d49,323d4ca260dfa0ba,2025-12-06,2026-04-11,2026,0,0,180.34,190.5,0,40.563938,31,13,0,0,6,9,0,252,0.5806,0.5161,56.5484,113.9032,128.3226,0.3548,0.9032,0.0645,128.2258,737.0,0.0,0.1662,0.1825,0.0838,0.5675,3.819,72.5076,98.3322,0.448,0.1218,0.0,0.0,0.0,0.0,0.0,0.0,1.0,0.0,3.0,0.0,0.0,71.0,53.0,120.0,102.0,0.0,0.0,0.0,230.0,153.0,0.6667,0.0,0.0,0.3333,0.0,0.3333,0.3333,104.6667,228.6667,272.3333,1.0,143.6667,236.0,1300.0,0.6,0.0,0.0,0.0,0.4,0.4,151.2,991.4,177.8,175.26,30.299969,6,2,0,0,0,3,0,126,0.6667,0.1667,101.8333,79.1667,233.6667,173.5,0.3333,2.5,0.1667,150.5,756.1667,0.0,0.1283,113.7921,96.297,0.1925,0.0722,28.6953,1.0,0.0,0.0,0.0,1.0,0.0,0.0,0.0,3.0,0.0,0.0,122.0,118.0,281.0,0.0,0.0,0.0,0.0,62.0,0.0,900.0,0.3333,0.0,0.0,0.0,0.6667,0.0,0.0,3.0,0.0,141.6667,353.0,0.0,0.3333,21.3333,900.0,0.0,0.0,0.6,0.0,0.2,0.0,3.0,0.2,254.6,191.2,727.4,10.16,-2.54,12.7,1,10.263969,-22.2742,-19.1667,0.0591,0.1828,-45.1774,-22.6183,-50.9946,0.0591,-1.5968,126.0,2.54,214.6667,0.3334,-0.3334,0.0,400.0,0.0,0.0,0.0,0.3333,0.0,1.3333,-37.0,0.0,1.3334,1.0,-0.3334,198.2,0.0,0.2,0.4,0.8,13.8,1.0,0.2,-0.4,153.0,168.0,1.0,-1.0,0.0,0.0,0.0,0.0,0.0,1.0,0.0,0.0,-161.0,-65.0,-51.0,0.0,0.0,0.0,-1.0,5.0,6.0,0.0,25.0,6.0,8.0,11.0,0.0,85.0,0.0,-0.0861,15.24,68.1675,0.2672,-0.3889,0.0,195.2167,0.0838,0.0379,0.1986,0.0,-27.4482,-117.7534,2.0352,-41.2845,-0.0385,0.2555,0.0,1542.1096,1526.5413,15.5683,27.9909,8.6402,71.517,79.7093,63.5768,77.1919,29.8991,16.9108,79.7921,72.9963,49.8976,52.1714,-1.8562,-1.9082,-8.2706,-8.2751,-1.7127,29.8117,11.4054,-4.4146,0.0706,-7.090707
manual_000010,UFC 330,2026-08-15,Erin Blanchfield,Jasmine Jasudavicius,flyweight,3,0,669970f7feba8ecd,a9e260472d321361,2025-11-15,2026-04-18,2026,0,0,162.56,167.64,0,27.282433,8,1,0,0,0,4,0,273,0.875,0.0,59.375,166.5,145.0,1.75,0.5,0.75,15.625,846.5,0.0,0.271,0.5206,0.0,0.2084,4.2067,85.2424,82.0425,1.2181,0.0,1.0,0.0,0.0,0.0,1.0,0.0,0.0,0.0,5.0,0.0,0.0,110.0,94.0,281.0,245.0,2.0,1.0,0.0,534.0,15.0,0.3333,0.0,0.0,0.6667,0.0,0.0,0.0,100.3333,265.0,251.6667,0.6667,356.6667,25.6667,1300.0,0.2,0.0,0.0,0.0,0.0,0.0,190.6,902.8,170.18,172.72,37.456804,11,3,0,0,1,5,0,119,0.7273,0.0,44.2727,44.9091,96.2727,91.9091,2.0,0.3636,0.0909,22.7273,740.2727,0.0,0.3678,31.8076,29.9125,1.6825,0.5743,248.2173,0.0,0.0,0.0,0.0,0.0,1.0,0.0,0.0,3.0,0.0,0.0,2.0,16.0,14.0,0.0,0.0,0.0,0.0,0.0,6.0,74.0,0.3333,0.0,0.0,0.3333,0.3333,0.3333,0.0,3.0,0.0,23.0,45.6667,1.3333,0.0,2.0,378.0,0.0,0.0,0.4,0.2,0.0,0.0,3.0,0.0,62.0,56.0,556.4,5.08,2.54,2.54,1,-10.174371,-7.1023,106.2273,0.0,-0.0909,53.0909,14.4659,29.6023,-0.0909,0.1364,154.0,-7.62,23.6667,0.3333,0.3334,0.0,922.0,-0.3333,-0.3333,0.0,0.0,0.0,1.3333,77.3333,-0.3333,0.6667,-0.6666,0.0,3.8,0.0,0.0,0.0,1.2,48.6,0.2,-1.4,0.0,9.0,534.0,0.0,1.0,0.0,1426.0,-1.0,0.0,0.0,-1.0,0.0,2.0,267.0,78.0,108.0,1.0,2.0,0.0,1.0,-1.0,-1.0,0.0,-3.0,-1.0,0.0,-2.0,0.0,-3.0,0.0,0.1477,-5.08,69.4584,0.1423,0.2155,0.0,523.2029,-0.261,-0.0968,-0.0619,0.0,136.4988,146.9797,52.13,53.4348,0.0424,-0.4644,0.0,1572.9721,1557.3324,15.6397,49.5288,51.9529,89.9101,77.9771,55.1179,31.2865,65.2672,92.0536,75.2073,75.7019,60.3114,62.2752,23.3149,-15.7384,-40.1007,14.7028,4.3776,17.6657,-7.1573,-0.4763,-1.805208,0.282437
